{
  "version": "0.4.8",
  "frames": 24,
  "wheelZoom": null,
  "childs": [
    {
      "elementType": "scene",
      "background": "http://www.jtopo.com/demo/img/bg.jpg",
      "backgroundColor": "255,255,255",
      "mode": "normal",
      "paintAll": false,
      "areaSelect": true,
      "translate": true,
      "translateX": 0,
      "translateY": 0,
      "lastTranslatedX":undefined,
      "lastTranslatedY":undefined,
      "alpha": 0,
      "visible": true,
      "scaleX": 1,
      "scaleY": 1,
      "childs": [
        {
          "elementType": "node",
          "x": 305,
          "y": 43,
          "width": 21,
          "height": 51,
          "visible": true,
          "alpha": 1,
          "rotate": 0,
          "scaleX": 1,
          "scaleY": 1,
          "strokeColor": "22,124,255",
          "fillColor": "22,124,255",
          "shadow": false,
          "shadowColor": "rgba(0,0,0,0.5)",
          "shadowOffsetX": 3,
          "shadowOffsetY": 6,
          "transformAble": true,
          "zIndex": 3,
          "dragable": true,
          "selected": false,
          "showSelected": true,
          "isMouseOver": false,
          "text":undefined,
          "font": "12px Consolas",
          "fontColor": "255,255,255",
          "textPosition": "Bottom_Center",
          "textOffsetX": 0,
          "textOffsetY": 0,
          "borderRadius": null,
          "isAlarmCover": true,
          "imagesrc": null
        },
        {
          "elementType": "node",
          "x": 365,
          "y": 43,
          "width": 21,
          "height": 51,
          "visible": true,
          "alpha": 1,
          "rotate": 0,
          "scaleX": 1,
          "scaleY": 1,
          "strokeColor": "22,124,255",
          "fillColor": "22,124,255",
          "shadow": false,
          "shadowColor": "rgba(0,0,0,0.5)",
          "shadowOffsetX": 3,
          "shadowOffsetY": 6,
          "transformAble": true,
          "zIndex": 3,
          "dragable": true,
          "selected": false,
          "showSelected": true,
          "isMouseOver": false,
          "text":undefined,
          "font": "12px Consolas",
          "fontColor": "255,255,255",
          "textPosition": "Bottom_Center",
          "textOffsetX": 0,
          "textOffsetY": 0,
          "borderRadius": null,
          "isAlarmCover": true,
          "imagesrc": null
        },
        {
          "elementType": "node",
          "x": 425,
          "y": 43,
          "width": 21,
          "height": 51,
          "visible": true,
          "alpha": 1,
          "rotate": 0,
          "scaleX": 1,
          "scaleY": 1,
          "strokeColor": "22,124,255",
          "fillColor": "22,124,255",
          "shadow": false,
          "shadowColor": "rgba(0,0,0,0.5)",
          "shadowOffsetX": 3,
          "shadowOffsetY": 6,
          "transformAble": true,
          "zIndex": 3,
          "dragable": true,
          "selected": false,
          "showSelected": true,
          "isMouseOver": false,
          "text":undefined,
          "font": "12px Consolas",
          "fontColor": "255,255,255",
          "textPosition": "Bottom_Center",
          "textOffsetX": 0,
          "textOffsetY": 0,
          "borderRadius": null,
          "isAlarmCover": true,
          "imagesrc": null
        },
        {
          "elementType": "node",
          "x": 366,
          "y": 125,
          "width": 21,
          "height": 21,
          "visible": true,
          "alpha": 1,
          "rotate": 0,
          "scaleX": 1,
          "scaleY": 1,
          "strokeColor": "22,124,255",
          "fillColor": "22,124,255",
          "shadow": false,
          "shadowColor": "rgba(0,0,0,0.5)",
          "shadowOffsetX": 3,
          "shadowOffsetY": 6,
          "transformAble": true,
          "zIndex": 3,
          "dragable": true,
          "selected": false,
          "showSelected": true,
          "isMouseOver": false,
          "text":undefined,
          "font": "12px Consolas",
          "fontColor": "255,255,255",
          "textPosition": "Bottom_Center",
          "textOffsetX": 0,
          "textOffsetY": 0,
          "borderRadius": null,
          "isAlarmCover": true,
          "imagesrc": null
        },
        {
          "elementType": "link",
          "x": 0,
          "y": 0,
          "width": 32,
          "height": 32,
          "visible": true,
          "alpha": 1,
          "rotate": 0,
          "scaleX": 1,
          "scaleY": 1,
          "strokeColor": "22,124,255",
          "fillColor": "22,124,255",
          "shadow": false,
          "shadowColor": "rgba(0,0,0,0.5)",
          "shadowOffsetX": 3,
          "shadowOffsetY": 6,
          "transformAble": false,
          "zIndex": 2,
          "dragable": false,
          "selected": false,
          "showSelected": true,
          "isMouseOver": false,
          "text": "link-name",
          "font": "12px Consolas",
          "fontColor": "255,255,255",
          "lineWidth": 2,
          "lineJoin": "miter",
          "transformAble": false,
          "bundleOffset": 20,
          "bundleGap": 12,
          "textOffsetX": 0,
          "textOffsetY": 0,
          "arrowsRadius": null,
          "arrowsOffset": 0,
          "dashedPattern": null,
          "path": [object Object
          ],
          [object Object
          ],
          [object Object
          ]
        },
        {
          "elementType": "link",
          "x": 0,
          "y": 0,
          "width": 32,
          "height": 32,
          "visible": true,
          "alpha": 1,
          "rotate": 0,
          "scaleX": 1,
          "scaleY": 1,
          "strokeColor": "22,124,255",
          "fillColor": "22,124,255",
          "shadow": false,
          "shadowColor": "rgba(0,0,0,0.5)",
          "shadowOffsetX": 3,
          "shadowOffsetY": 6,
          "transformAble": false,
          "zIndex": 2,
          "dragable": false,
          "selected": false,
          "showSelected": true,
          "isMouseOver": false,
          "text": "link-name",
          "font": "12px Consolas",
          "fontColor": "255,255,255",
          "lineWidth": 2,
          "lineJoin": "miter",
          "transformAble": false,
          "bundleOffset": 20,
          "bundleGap": 12,
          "textOffsetX": 0,
          "textOffsetY": 0,
          "arrowsRadius": null,
          "arrowsOffset": 0,
          "dashedPattern": null,
          "path": [object Object
          ],
          [object Object
          ],
          [object Object
          ]
        },
        {
          "elementType": "link",
          "x": 0,
          "y": 0,
          "width": 32,
          "height": 32,
          "visible": true,
          "alpha": 1,
          "rotate": 0,
          "scaleX": 1,
          "scaleY": 1,
          "strokeColor": "22,124,255",
          "fillColor": "22,124,255",
          "shadow": false,
          "shadowColor": "rgba(0,0,0,0.5)",
          "shadowOffsetX": 3,
          "shadowOffsetY": 6,
          "transformAble": false,
          "zIndex": 2,
          "dragable": false,
          "selected": false,
          "showSelected": true,
          "isMouseOver": false,
          "text": "link-name",
          "font": "12px Consolas",
          "fontColor": "255,255,255",
          "lineWidth": 2,
          "lineJoin": "miter",
          "transformAble": false,
          "bundleOffset": 20,
          "bundleGap": 12,
          "textOffsetX": 0,
          "textOffsetY": 0,
          "arrowsRadius": null,
          "arrowsOffset": 0,
          "dashedPattern": null,
          "path": [object Object
          ],
          [object Object
          ],
          [object Object
          ]
        },
        {
          "elementType": "node",
          "x": 324,
          "y": 167,
          "width": 107,
          "height": 20,
          "visible": true,
          "alpha": 1,
          "rotate": 0,
          "scaleX": 1,
          "scaleY": 1,
          "strokeColor": "22,124,255",
          "fillColor": "22,124,255",
          "shadow": false,
          "shadowColor": "rgba(0,0,0,0.5)",
          "shadowOffsetX": 3,
          "shadowOffsetY": 6,
          "transformAble": true,
          "zIndex": 3,
          "dragable": true,
          "selected": false,
          "showSelected": true,
          "isMouseOver": false,
          "text":undefined,
          "font": "12px Consolas",
          "fontColor": "255,255,255",
          "textPosition": "Bottom_Center",
          "textOffsetX": 0,
          "textOffsetY": 0,
          "borderRadius": null,
          "isAlarmCover": true,
          "imagesrc": null
        },
        {
          "elementType": "link",
          "x": 0,
          "y": 0,
          "width": 32,
          "height": 32,
          "visible": true,
          "alpha": 1,
          "rotate": 0,
          "scaleX": 1,
          "scaleY": 1,
          "strokeColor": "22,124,255",
          "fillColor": "22,124,255",
          "shadow": false,
          "shadowColor": "rgba(0,0,0,0.5)",
          "shadowOffsetX": 3,
          "shadowOffsetY": 6,
          "transformAble": false,
          "zIndex": 2,
          "dragable": false,
          "selected": false,
          "showSelected": true,
          "isMouseOver": false,
          "text":undefined,
          "font": "12px Consolas",
          "fontColor": "255,255,255",
          "lineWidth": 2,
          "lineJoin": "miter",
          "transformAble": false,
          "bundleOffset": 20,
          "bundleGap": 12,
          "textOffsetX": 0,
          "textOffsetY": 0,
          "arrowsRadius": null,
          "arrowsOffset": 0,
          "dashedPattern": null,
          "path": [object Object
          ],
          [object Object
          ]
        },
        {
          "elementType": "node",
          "x": 360,
          "y": 220,
          "width": 26,
          "height": 26,
          "visible": true,
          "alpha": 1,
          "rotate": 0,
          "scaleX": 1,
          "scaleY": 1,
          "strokeColor": "22,124,255",
          "fillColor": "22,124,255",
          "shadow": false,
          "shadowColor": "rgba(0,0,0,0.5)",
          "shadowOffsetX": 3,
          "shadowOffsetY": 6,
          "transformAble": true,
          "zIndex": 3,
          "dragable": true,
          "selected": false,
          "showSelected": true,
          "isMouseOver": false,
          "text":undefined,
          "font": "12px Consolas",
          "fontColor": "255,255,255",
          "textPosition": "Bottom_Center",
          "textOffsetX": 0,
          "textOffsetY": 0,
          "borderRadius": null,
          "isAlarmCover": true,
          "imagesrc": null
        },
        {
          "elementType": "link",
          "x": 0,
          "y": 0,
          "width": 32,
          "height": 32,
          "visible": true,
          "alpha": 1,
          "rotate": 0,
          "scaleX": 1,
          "scaleY": 1,
          "strokeColor": "22,124,255",
          "fillColor": "22,124,255",
          "shadow": false,
          "shadowColor": "rgba(0,0,0,0.5)",
          "shadowOffsetX": 3,
          "shadowOffsetY": 6,
          "transformAble": false,
          "zIndex": 2,
          "dragable": false,
          "selected": false,
          "showSelected": true,
          "isMouseOver": false,
          "text":undefined,
          "font": "12px Consolas",
          "fontColor": "255,255,255",
          "lineWidth": 2,
          "lineJoin": "miter",
          "transformAble": false,
          "bundleOffset": 20,
          "bundleGap": 12,
          "textOffsetX": 0,
          "textOffsetY": 0,
          "arrowsRadius": null,
          "arrowsOffset": 0,
          "dashedPattern": null,
          "path": [object Object
          ],
          [object Object
          ]
        },
        {
          "elementType": "node",
          "x": 340,
          "y": 260,
          "width": 64,
          "height": 64,
          "visible": true,
          "alpha": 1,
          "rotate": 0,
          "scaleX": 1,
          "scaleY": 1,
          "strokeColor": "22,124,255",
          "fillColor": "22,124,255",
          "shadow": false,
          "shadowColor": "rgba(0,0,0,0.5)",
          "shadowOffsetX": 3,
          "shadowOffsetY": 6,
          "transformAble": true,
          "zIndex": 3,
          "dragable": true,
          "selected": false,
          "showSelected": true,
          "isMouseOver": false,
          "text":undefined,
          "font": "12px Consolas",
          "fontColor": "255,255,255",
          "textPosition": "Bottom_Center",
          "textOffsetX": 0,
          "textOffsetY": 0,
          "borderRadius": null,
          "isAlarmCover": true,
          "imagesrc": null
        },
        {
          "elementType": "link",
          "x": 0,
          "y": 0,
          "width": 32,
          "height": 32,
          "visible": true,
          "alpha": 1,
          "rotate": 0,
          "scaleX": 1,
          "scaleY": 1,
          "strokeColor": "22,124,255",
          "fillColor": "22,124,255",
          "shadow": false,
          "shadowColor": "rgba(0,0,0,0.5)",
          "shadowOffsetX": 3,
          "shadowOffsetY": 6,
          "transformAble": false,
          "zIndex": 2,
          "dragable": false,
          "selected": false,
          "showSelected": true,
          "isMouseOver": false,
          "text":undefined,
          "font": "12px Consolas",
          "fontColor": "255,255,255",
          "lineWidth": 2,
          "lineJoin": "miter",
          "transformAble": false,
          "bundleOffset": 20,
          "bundleGap": 12,
          "textOffsetX": 0,
          "textOffsetY": 0,
          "arrowsRadius": null,
          "arrowsOffset": 0,
          "dashedPattern": null,
          "path": [object Object
          ],
          [object Object
          ]
        },
        {
          "elementType": "node",
          "x": 364,
          "y": 328,
          "width": 26,
          "height": 26,
          "visible": true,
          "alpha": 1,
          "rotate": 0,
          "scaleX": 1,
          "scaleY": 1,
          "strokeColor": "22,124,255",
          "fillColor": "22,124,255",
          "shadow": false,
          "shadowColor": "rgba(0,0,0,0.5)",
          "shadowOffsetX": 3,
          "shadowOffsetY": 6,
          "transformAble": true,
          "zIndex": 3,
          "dragable": true,
          "selected": false,
          "showSelected": true,
          "isMouseOver": false,
          "text":undefined,
          "font": "12px Consolas",
          "fontColor": "255,255,255",
          "textPosition": "Bottom_Center",
          "textOffsetX": 0,
          "textOffsetY": 0,
          "borderRadius": null,
          "isAlarmCover": true,
          "imagesrc": null
        },
        {
          "elementType": "link",
          "x": 0,
          "y": 0,
          "width": 32,
          "height": 32,
          "visible": true,
          "alpha": 1,
          "rotate": 0,
          "scaleX": 1,
          "scaleY": 1,
          "strokeColor": "22,124,255",
          "fillColor": "22,124,255",
          "shadow": false,
          "shadowColor": "rgba(0,0,0,0.5)",
          "shadowOffsetX": 3,
          "shadowOffsetY": 6,
          "transformAble": false,
          "zIndex": 2,
          "dragable": false,
          "selected": false,
          "showSelected": true,
          "isMouseOver": false,
          "text":undefined,
          "font": "12px Consolas",
          "fontColor": "255,255,255",
          "lineWidth": 2,
          "lineJoin": "miter",
          "transformAble": false,
          "bundleOffset": 20,
          "bundleGap": 12,
          "textOffsetX": 0,
          "textOffsetY": 0,
          "arrowsRadius": null,
          "arrowsOffset": 0,
          "dashedPattern": null,
          "path": [object Object
          ],
          [object Object
          ]
        },
        {
          "elementType": "node",
          "x": 324,
          "y": 377,
          "width": 107,
          "height": 20,
          "visible": true,
          "alpha": 1,
          "rotate": 0,
          "scaleX": 1,
          "scaleY": 1,
          "strokeColor": "22,124,255",
          "fillColor": "22,124,255",
          "shadow": false,
          "shadowColor": "rgba(0,0,0,0.5)",
          "shadowOffsetX": 3,
          "shadowOffsetY": 6,
          "transformAble": true,
          "zIndex": 3,
          "dragable": true,
          "selected": false,
          "showSelected": true,
          "isMouseOver": false,
          "text":undefined,
          "font": "12px Consolas",
          "fontColor": "255,255,255",
          "textPosition": "Bottom_Center",
          "textOffsetX": 0,
          "textOffsetY": 0,
          "borderRadius": null,
          "isAlarmCover": true,
          "imagesrc": null
        },
        {
          "elementType": "link",
          "x": 0,
          "y": 0,
          "width": 32,
          "height": 32,
          "visible": true,
          "alpha": 1,
          "rotate": 0,
          "scaleX": 1,
          "scaleY": 1,
          "strokeColor": "22,124,255",
          "fillColor": "22,124,255",
          "shadow": false,
          "shadowColor": "rgba(0,0,0,0.5)",
          "shadowOffsetX": 3,
          "shadowOffsetY": 6,
          "transformAble": false,
          "zIndex": 2,
          "dragable": false,
          "selected": false,
          "showSelected": true,
          "isMouseOver": false,
          "text":undefined,
          "font": "12px Consolas",
          "fontColor": "255,255,255",
          "lineWidth": 2,
          "lineJoin": "miter",
          "transformAble": false,
          "bundleOffset": 20,
          "bundleGap": 12,
          "textOffsetX": 0,
          "textOffsetY": 0,
          "arrowsRadius": null,
          "arrowsOffset": 0,
          "dashedPattern": null,
          "path": [object Object
          ],
          [object Object
          ]
        },
        {
          "elementType": "node",
          "x": 366,
          "y": 411,
          "width": 21,
          "height": 21,
          "visible": true,
          "alpha": 1,
          "rotate": 0,
          "scaleX": 1,
          "scaleY": 1,
          "strokeColor": "22,124,255",
          "fillColor": "22,124,255",
          "shadow": false,
          "shadowColor": "rgba(0,0,0,0.5)",
          "shadowOffsetX": 3,
          "shadowOffsetY": 6,
          "transformAble": true,
          "zIndex": 3,
          "dragable": true,
          "selected": false,
          "showSelected": true,
          "isMouseOver": false,
          "text":undefined,
          "font": "12px Consolas",
          "fontColor": "255,255,255",
          "textPosition": "Bottom_Center",
          "textOffsetX": 0,
          "textOffsetY": 0,
          "borderRadius": null,
          "isAlarmCover": true,
          "imagesrc": null
        },
        {
          "elementType": "link",
          "x": 0,
          "y": 0,
          "width": 32,
          "height": 32,
          "visible": true,
          "alpha": 1,
          "rotate": 0,
          "scaleX": 1,
          "scaleY": 1,
          "strokeColor": "22,124,255",
          "fillColor": "22,124,255",
          "shadow": false,
          "shadowColor": "rgba(0,0,0,0.5)",
          "shadowOffsetX": 3,
          "shadowOffsetY": 6,
          "transformAble": false,
          "zIndex": 2,
          "dragable": false,
          "selected": false,
          "showSelected": true,
          "isMouseOver": false,
          "text":undefined,
          "font": "12px Consolas",
          "fontColor": "255,255,255",
          "lineWidth": 2,
          "lineJoin": "miter",
          "transformAble": false,
          "bundleOffset": 20,
          "bundleGap": 12,
          "textOffsetX": 0,
          "textOffsetY": 0,
          "arrowsRadius": null,
          "arrowsOffset": 0,
          "dashedPattern": null,
          "path": [object Object
          ],
          [object Object
          ]
        },
        {
          "elementType": "node",
          "x": 218,
          "y": 520,
          "width": 30,
          "height": 26,
          "visible": true,
          "alpha": 1,
          "rotate": 0,
          "scaleX": 1,
          "scaleY": 1,
          "strokeColor": "22,124,255",
          "fillColor": "22,124,255",
          "shadow": false,
          "shadowColor": "rgba(0,0,0,0.5)",
          "shadowOffsetX": 3,
          "shadowOffsetY": 6,
          "transformAble": true,
          "zIndex": 3,
          "dragable": true,
          "selected": false,
          "showSelected": true,
          "isMouseOver": false,
          "text":undefined,
          "font": "12px Consolas",
          "fontColor": "255,255,255",
          "textPosition": "Bottom_Center",
          "textOffsetX": 0,
          "textOffsetY": 0,
          "borderRadius": null,
          "isAlarmCover": true,
          "imagesrc": null
        },
        {
          "elementType": "link",
          "x": 0,
          "y": 0,
          "width": 32,
          "height": 32,
          "visible": true,
          "alpha": 1,
          "rotate": 0,
          "scaleX": 1,
          "scaleY": 1,
          "strokeColor": "22,124,255",
          "fillColor": "22,124,255",
          "shadow": false,
          "shadowColor": "rgba(0,0,0,0.5)",
          "shadowOffsetX": 3,
          "shadowOffsetY": 6,
          "transformAble": false,
          "zIndex": 2,
          "dragable": false,
          "selected": false,
          "showSelected": true,
          "isMouseOver": false,
          "text":undefined,
          "font": "12px Consolas",
          "fontColor": "255,255,255",
          "lineWidth": 2,
          "lineJoin": "miter",
          "transformAble": false,
          "bundleOffset": 20,
          "bundleGap": 12,
          "textOffsetX": 0,
          "textOffsetY": 0,
          "arrowsRadius": null,
          "arrowsOffset": 0,
          "dashedPattern": null,
          "path": [object Object
          ],
          [object Object
          ],
          [object Object
          ],
          [object Object
          ]
        },
        {
          "elementType": "node",
          "x": 292,
          "y": 520,
          "width": 30,
          "height": 26,
          "visible": true,
          "alpha": 1,
          "rotate": 0,
          "scaleX": 1,
          "scaleY": 1,
          "strokeColor": "22,124,255",
          "fillColor": "22,124,255",
          "shadow": false,
          "shadowColor": "rgba(0,0,0,0.5)",
          "shadowOffsetX": 3,
          "shadowOffsetY": 6,
          "transformAble": true,
          "zIndex": 3,
          "dragable": true,
          "selected": false,
          "showSelected": true,
          "isMouseOver": false,
          "text":undefined,
          "font": "12px Consolas",
          "fontColor": "255,255,255",
          "textPosition": "Bottom_Center",
          "textOffsetX": 0,
          "textOffsetY": 0,
          "borderRadius": null,
          "isAlarmCover": true,
          "imagesrc": null
        },
        {
          "elementType": "link",
          "x": 0,
          "y": 0,
          "width": 32,
          "height": 32,
          "visible": true,
          "alpha": 1,
          "rotate": 0,
          "scaleX": 1,
          "scaleY": 1,
          "strokeColor": "22,124,255",
          "fillColor": "22,124,255",
          "shadow": false,
          "shadowColor": "rgba(0,0,0,0.5)",
          "shadowOffsetX": 3,
          "shadowOffsetY": 6,
          "transformAble": false,
          "zIndex": 2,
          "dragable": false,
          "selected": false,
          "showSelected": true,
          "isMouseOver": false,
          "text":undefined,
          "font": "12px Consolas",
          "fontColor": "255,255,255",
          "lineWidth": 2,
          "lineJoin": "miter",
          "transformAble": false,
          "bundleOffset": 20,
          "bundleGap": 12,
          "textOffsetX": 0,
          "textOffsetY": 0,
          "arrowsRadius": null,
          "arrowsOffset": 0,
          "dashedPattern": null,
          "path": [object Object
          ],
          [object Object
          ],
          [object Object
          ],
          [object Object
          ]
        },
        {
          "elementType": "node",
          "x": 366,
          "y": 520,
          "width": 30,
          "height": 26,
          "visible": true,
          "alpha": 1,
          "rotate": 0,
          "scaleX": 1,
          "scaleY": 1,
          "strokeColor": "22,124,255",
          "fillColor": "22,124,255",
          "shadow": false,
          "shadowColor": "rgba(0,0,0,0.5)",
          "shadowOffsetX": 3,
          "shadowOffsetY": 6,
          "transformAble": true,
          "zIndex": 3,
          "dragable": true,
          "selected": false,
          "showSelected": true,
          "isMouseOver": false,
          "text": "h3",
          "font": "12px Consolas",
          "fontColor": "255,255,255",
          "textPosition": "Bottom_Center",
          "textOffsetX": 0,
          "textOffsetY": 0,
          "borderRadius": null,
          "isAlarmCover": true,
          "imagesrc": null
        },
        {
          "elementType": "link",
          "x": 0,
          "y": 0,
          "width": 32,
          "height": 32,
          "visible": true,
          "alpha": 1,
          "rotate": 0,
          "scaleX": 1,
          "scaleY": 1,
          "strokeColor": "22,124,255",
          "fillColor": "22,124,255",
          "shadow": false,
          "shadowColor": "rgba(0,0,0,0.5)",
          "shadowOffsetX": 3,
          "shadowOffsetY": 6,
          "transformAble": false,
          "zIndex": 2,
          "dragable": false,
          "selected": false,
          "showSelected": true,
          "isMouseOver": false,
          "text":undefined,
          "font": "12px Consolas",
          "fontColor": "255,255,255",
          "lineWidth": 2,
          "lineJoin": "miter",
          "transformAble": false,
          "bundleOffset": 20,
          "bundleGap": 12,
          "textOffsetX": 0,
          "textOffsetY": 0,
          "arrowsRadius": null,
          "arrowsOffset": 0,
          "dashedPattern": null,
          "path": [object Object
          ],
          [object Object
          ],
          [object Object
          ],
          [object Object
          ]
        }
      ]
    }
  ]
}